-- =====================================================================
-- INSERTS para o banco 'comercial' gerados a partir de Dados_ComercialPrime_Tratado.xlsx
-- Ordem respeita as dependencias de FK: localizacao/categoria/tipo_pagamento/vendedor
-- antes de produto/cliente, e estes antes de registro.
-- =====================================================================

USE comercial;

-- ---------------------------------------------------------------------
-- localizacao
-- ---------------------------------------------------------------------
INSERT INTO localizacao (id_localizacao, cidade, estado) VALUES
(1, 'Araucária', 'PR'),
(2, 'Cascavel', 'PR'),
(3, 'Curitiba', 'PR'),
(4, 'Londrina', 'PR'),
(5, 'Maringá', 'PR'),
(6, 'Ponta Grossa', 'PR');

-- ---------------------------------------------------------------------
-- categoria
-- ---------------------------------------------------------------------
INSERT INTO categoria (id_categoria, nome_categoria) VALUES
(1, 'Ferramentas');

-- ---------------------------------------------------------------------
-- tipo_pagamento
-- ---------------------------------------------------------------------
INSERT INTO tipo_pagamento (id_tipo_pagamento, nome_tipo) VALUES
(1, 'Boleto'),
(2, 'PIX'),
(3, 'Cartão');

-- ---------------------------------------------------------------------
-- vendedor
-- ---------------------------------------------------------------------
INSERT INTO vendedor (id_vendedor, nome_vendedor) VALUES
(1, 'Carlos S.');

-- ---------------------------------------------------------------------
-- produto
-- ---------------------------------------------------------------------
INSERT INTO produto (id_produto, nome_produto, valor_unitario, fk_id_categoria) VALUES
(1, 'Furadeira', 2619.25, 1),
(2, 'Parafusadeira', 2456.85, 1),
(3, 'Soldadora', 2570.34, 1);

-- ---------------------------------------------------------------------
-- cliente
-- Observacao: a planilha repete o mesmo nome de cliente associado a varias
-- cidades diferentes. Como a tabela cliente so permite UMA localizacao por
-- cliente, cada combinacao (nome + cidade) foi cadastrada como um registro
-- proprio de cliente, preservando a cidade correta de cada pedido.
-- ---------------------------------------------------------------------
INSERT INTO cliente (id_cliente, nome_cliente, fk_id_localizacao) VALUES
(1, 'Auto Center Prime', 1),
(2, 'Auto Center Prime', 2),
(3, 'Auto Center Prime', 3),
(4, 'Auto Center Prime', 4),
(5, 'Auto Center Prime', 5),
(6, 'Auto Center Prime', 6),
(7, 'Cliente XPTO', 1),
(8, 'Cliente XPTO', 2),
(9, 'Cliente XPTO', 3),
(10, 'Cliente XPTO', 4),
(11, 'Cliente XPTO', 5),
(12, 'Cliente XPTO', 6),
(13, 'Construtora PR', 1),
(14, 'Construtora PR', 2),
(15, 'Construtora PR', 3),
(16, 'Construtora PR', 4),
(17, 'Construtora PR', 5),
(18, 'Construtora PR', 6),
(19, 'Indústria Alpha', 1),
(20, 'Indústria Alpha', 2),
(21, 'Indústria Alpha', 3),
(22, 'Indústria Alpha', 4),
(23, 'Indústria Alpha', 5),
(24, 'Indústria Alpha', 6),
(25, 'Loja Ferramentas BR', 1),
(26, 'Loja Ferramentas BR', 2),
(27, 'Loja Ferramentas BR', 3),
(28, 'Loja Ferramentas BR', 4),
(29, 'Loja Ferramentas BR', 5),
(30, 'Loja Ferramentas BR', 6),
(31, 'Mercado Industrial', 1),
(32, 'Mercado Industrial', 2),
(33, 'Mercado Industrial', 3),
(34, 'Mercado Industrial', 4),
(35, 'Mercado Industrial', 5),
(36, 'Mercado Industrial', 6),
(37, 'Metalúrgica Sul', 1),
(38, 'Metalúrgica Sul', 2),
(39, 'Metalúrgica Sul', 3),
(40, 'Metalúrgica Sul', 4),
(41, 'Metalúrgica Sul', 5),
(42, 'Metalúrgica Sul', 6),
(43, 'Oficina Curitiba', 1),
(44, 'Oficina Curitiba', 2),
(45, 'Oficina Curitiba', 3),
(46, 'Oficina Curitiba', 4),
(47, 'Oficina Curitiba', 5),
(48, 'Oficina Curitiba', 6);

-- ---------------------------------------------------------------------
-- registro
-- Observacao: numero_pedido, valor_total e comentario_satisfacao sao
-- recalculados automaticamente pelas triggers trg_numero_pedido e
-- trg_satisfacao_insert no momento do INSERT. Os valores informados aqui
-- para essas colunas sao apenas placeholders e serao sobrescritos.
-- ---------------------------------------------------------------------
INSERT INTO registro
(data_pedido, numero_pedido, fk_id_cliente, fk_id_vendedor, fk_id_produto,
 quantidade, valor_total, nota_satisfacao, fk_id_tipo_pagamento, observacao)
VALUES
('2025-02-28', 'PED-1001', 14, 1, 3, 9, 23133.04, 10, 1, NULL),
('2025-01-30', 'PED-1002', 11, 1, 2, 28, 68791.68, 10, 2, NULL),
('2025-05-09', 'PED-1003', 7, 1, 3, 12, 30844.05, 10, 1, NULL),
('2025-05-21', 'PED-1004', 18, 1, 2, 9, 22111.61, 0, 3, NULL),
('2025-03-23', 'PED-1005', 17, 1, 2, 4, 9827.38, 10, 1, NULL),
('2025-06-28', 'PED-1006', 14, 1, 2, 21, 51593.76, 6, 3, NULL),
('2025-05-19', 'PED-1007', 11, 1, 1, 29, 75958.12, 10, 1, NULL),
('2025-03-13', 'PED-1008', 16, 1, 2, 6, 14741.07, 6, 3, NULL),
('2025-02-12', 'PED-1009', 7, 1, 3, 4, 10281.35, 0, 2, NULL),
('2025-06-19', 'PED-1010', 13, 1, 2, 2, 4913.69, 6, 3, NULL),
('2025-01-16', 'PED-1011', 9, 1, 1, 3, 7857.74, 10, 3, NULL),
('2025-05-25', 'PED-1012', 14, 1, 2, 16, 39309.53, 0, 1, NULL),
('2025-03-11', 'PED-1013', 14, 1, 1, 10, 26192.46, 10, 2, NULL),
('2025-05-09', 'PED-1014', 14, 1, 2, 12, 29482.15, 6, 1, NULL),
('2025-05-12', 'PED-1015', 16, 1, 2, 10, 24568.46, 0, 3, NULL),
('2025-03-31', 'PED-1016', 14, 1, 2, 15, 36852.69, 0, 1, NULL),
('2025-03-25', 'PED-1017', 18, 1, 3, 12, 30844.05, 10, 1, NULL),
('2025-01-18', 'PED-1018', 7, 1, 2, 22, 54050.61, 10, 3, NULL),
('2025-02-21', 'PED-1019', 15, 1, 3, 1, 2570.34, 10, 1, NULL),
('2025-01-30', 'PED-1020', 14, 1, 1, 13, 34050.19, 10, 3, NULL),
('2025-02-08', 'PED-1021', 12, 1, 3, 28, 71969.45, 0, 2, NULL),
('2025-06-24', 'PED-1022', 15, 1, 2, 21, 51593.76, 0, 2, NULL),
('2025-03-19', 'PED-1023', 16, 1, 3, 17, 43695.74, 10, 3, NULL),
('2025-01-17', 'PED-1024', 7, 1, 1, 15, 39288.68, 0, 3, NULL),
('2025-02-28', 'PED-1025', 18, 1, 2, 21, 51593.76, 6, 3, NULL),
('2025-05-31', 'PED-1026', 7, 1, 2, 5, 12284.23, 6, 2, NULL),
('2025-06-28', 'PED-1027', 13, 1, 1, 22, 57623.40, 6, 3, NULL),
('2025-06-29', 'PED-1028', 13, 1, 2, 5, 12284.23, 10, 2, NULL),
('2025-01-19', 'PED-1029', 14, 1, 1, 25, 65481.14, 6, 2, NULL),
('2025-03-15', 'PED-1030', 14, 1, 1, 1, 2619.25, 10, 1, NULL),
('2025-04-18', 'PED-1031', 18, 1, 1, 19, 49765.67, 6, 3, NULL),
('2025-04-11', 'PED-1032', 30, 1, 2, 16, 39309.53, 0, 1, NULL),
('2025-02-04', 'PED-1033', 43, 1, 3, 15, 38555.06, 0, 1, NULL),
('2025-02-21', 'PED-1034', 7, 1, 3, 12, 30844.05, 10, 3, NULL),
('2025-03-05', 'PED-1035', 20, 1, 2, 8, 19654.77, 0, 3, NULL),
('2025-04-17', 'PED-1036', 1, 1, 3, 27, 69399.12, 10, 3, NULL),
('2025-04-17', 'PED-1037', 9, 1, 3, 28, 71969.45, 6, 3, NULL),
('2025-01-30', 'PED-1038', 31, 1, 2, 14, 34395.84, 10, 2, NULL),
('2025-06-21', 'PED-1039', 31, 1, 1, 24, 62861.89, 0, 3, NULL),
('2025-03-29', 'PED-1040', 37, 1, 2, 28, 68791.68, 6, 1, NULL),
('2025-05-10', 'PED-1041', 36, 1, 2, 20, 49136.91, 10, 1, NULL),
('2025-05-15', 'PED-1042', 1, 1, 2, 20, 49136.91, 10, 3, NULL),
('2025-02-18', 'PED-1043', 41, 1, 3, 20, 51406.75, 0, 3, NULL),
('2025-04-20', 'PED-1044', 37, 1, 3, 3, 7711.01, 10, 1, NULL),
('2025-04-13', 'PED-1045', 33, 1, 2, 15, 36852.69, 6, 1, NULL),
('2025-04-08', 'PED-1046', 12, 1, 3, 3, 7711.01, 0, 3, NULL),
('2025-03-03', 'PED-1047', 34, 1, 1, 6, 15715.47, 6, 3, NULL),
('2025-06-11', 'PED-1048', 38, 1, 3, 7, 17992.36, 6, 1, NULL),
('2025-02-22', 'PED-1049', 33, 1, 1, 21, 55004.16, 10, 1, NULL),
('2025-06-15', 'PED-1050', 26, 1, 2, 17, 41766.38, 10, 2, NULL),
('2025-04-21', 'PED-1051', 14, 1, 3, 10, 25703.38, 0, 1, NULL),
('2025-05-08', 'PED-1052', 44, 1, 2, 26, 63877.99, 0, 3, NULL),
('2025-04-12', 'PED-1053', 1, 1, 1, 24, 62861.89, 10, 3, NULL),
('2025-02-20', 'PED-1054', 42, 1, 1, 29, 75958.12, 10, 3, NULL),
('2025-06-06', 'PED-1055', 26, 1, 2, 20, 49136.91, 0, 2, NULL),
('2025-05-19', 'PED-1056', 34, 1, 3, 17, 43695.74, 0, 2, NULL),
('2025-02-21', 'PED-1057', 43, 1, 1, 20, 52384.91, 0, 1, NULL),
('2025-02-24', 'PED-1058', 23, 1, 3, 9, 23133.04, 0, 3, NULL),
('2025-02-23', 'PED-1059', 46, 1, 3, 18, 46266.08, 0, 2, NULL),
('2025-01-24', 'PED-1060', 37, 1, 3, 1, 2570.34, 0, 2, NULL),
('2025-03-01', 'PED-1061', 5, 1, 3, 28, 71969.45, 6, 1, NULL),
('2025-05-06', 'PED-1062', 25, 1, 2, 6, 14741.07, 6, 2, NULL),
('2025-05-31', 'PED-1063', 29, 1, 3, 8, 20562.70, 10, 2, NULL),
('2025-05-30', 'PED-1064', 45, 1, 1, 6, 15715.47, 6, 1, NULL),
('2025-02-22', 'PED-1065', 47, 1, 3, 26, 66828.78, 6, 3, NULL),
('2025-02-18', 'PED-1066', 47, 1, 1, 23, 60242.65, 0, 2, NULL),
('2025-04-04', 'PED-1067', 35, 1, 2, 27, 66334.83, 6, 1, NULL),
('2025-05-11', 'PED-1068', 39, 1, 1, 12, 31430.95, 0, 2, NULL),
('2025-06-23', 'PED-1069', 15, 1, 3, 15, 38555.06, 10, 2, NULL),
('2025-05-17', 'PED-1070', 7, 1, 2, 30, 73705.37, 10, 1, NULL),
('2025-05-09', 'PED-1071', 24, 1, 3, 3, 7711.01, 10, 1, NULL),
('2025-02-20', 'PED-1072', 23, 1, 1, 27, 70719.63, 0, 1, NULL),
('2025-01-02', 'PED-1073', 31, 1, 2, 21, 51593.76, 10, 2, NULL),
('2025-05-19', 'PED-1074', 4, 1, 2, 10, 24568.46, 10, 2, NULL),
('2025-03-30', 'PED-1075', 6, 1, 1, 26, 68100.38, 10, 1, NULL),
('2025-03-04', 'PED-1076', 18, 1, 1, 2, 5238.49, 0, 2, NULL),
('2025-01-23', 'PED-1077', 10, 1, 2, 6, 14741.07, 6, 1, NULL),
('2025-04-19', 'PED-1078', 43, 1, 1, 22, 57623.40, 10, 2, NULL),
('2025-01-23', 'PED-1079', 11, 1, 2, 12, 29482.15, 6, 3, NULL),
('2025-02-27', 'PED-1080', 20, 1, 2, 27, 66334.83, 0, 1, NULL),
('2025-03-02', 'PED-1081', 39, 1, 1, 25, 65481.14, 0, 2, NULL),
('2025-05-16', 'PED-1082', 9, 1, 2, 8, 19654.77, 0, 1, NULL),
('2025-05-21', 'PED-1083', 19, 1, 1, 3, 7857.74, 10, 3, NULL),
('2025-01-09', 'PED-1084', 1, 1, 3, 9, 23133.04, 6, 2, NULL),
('2025-01-14', 'PED-1085', 39, 1, 1, 26, 68100.38, 10, 3, NULL),
('2025-04-25', 'PED-1086', 43, 1, 1, 10, 26192.46, 0, 2, NULL),
('2025-04-01', 'PED-1087', 15, 1, 3, 10, 25703.38, 10, 1, NULL),
('2025-04-01', 'PED-1088', 31, 1, 1, 27, 70719.63, 10, 1, NULL),
('2025-05-03', 'PED-1089', 15, 1, 1, 24, 62861.89, 0, 1, NULL),
('2025-02-13', 'PED-1090', 4, 1, 3, 8, 20562.70, 10, 3, NULL),
('2025-05-17', 'PED-1091', 12, 1, 3, 4, 10281.35, 0, 3, NULL),
('2025-02-02', 'PED-1092', 15, 1, 1, 16, 41907.93, 10, 1, NULL),
('2025-04-09', 'PED-1093', 34, 1, 2, 22, 54050.61, 0, 1, NULL),
('2025-03-25', 'PED-1094', 10, 1, 1, 16, 41907.93, 0, 1, NULL),
('2025-01-04', 'PED-1095', 15, 1, 1, 7, 18334.72, 0, 2, NULL),
('2025-01-23', 'PED-1096', 4, 1, 2, 6, 14741.07, 0, 1, NULL),
('2025-06-06', 'PED-1097', 22, 1, 3, 5, 12851.69, 10, 1, NULL),
('2025-04-24', 'PED-1098', 8, 1, 1, 14, 36669.44, 0, 2, NULL),
('2025-05-15', 'PED-1099', 30, 1, 1, 27, 70719.63, 6, 1, NULL),
('2025-02-26', 'PED-1100', 38, 1, 2, 16, 39309.53, 6, 3, NULL),
('2025-02-23', 'PED-1101', 22, 1, 2, 6, 14741.07, 6, 1, NULL),
('2025-05-23', 'PED-1102', 28, 1, 3, 16, 41125.40, 6, 2, NULL),
('2025-04-05', 'PED-1103', 28, 1, 2, 9, 22111.61, 0, 1, NULL),
('2025-03-21', 'PED-1104', 4, 1, 1, 15, 39288.68, 0, 2, NULL),
('2025-03-02', 'PED-1105', 8, 1, 1, 7, 18334.72, 10, 2, NULL),
('2025-05-29', 'PED-1106', 39, 1, 1, 14, 36669.44, 0, 3, NULL),
('2025-03-05', 'PED-1107', 40, 1, 2, 15, 36852.69, 6, 1, NULL),
('2025-01-19', 'PED-1108', 1, 1, 2, 19, 46680.07, 0, 1, NULL),
('2025-03-19', 'PED-1109', 1, 1, 1, 21, 55004.16, 10, 1, NULL),
('2025-04-12', 'PED-1110', 44, 1, 1, 1, 2619.25, 6, 1, NULL),
('2025-06-11', 'PED-1111', 11, 1, 1, 4, 10476.98, 6, 1, NULL),
('2025-06-07', 'PED-1112', 2, 1, 1, 14, 36669.44, 10, 2, NULL),
('2025-06-10', 'PED-1113', 28, 1, 1, 27, 70719.63, 6, 2, NULL),
('2025-02-01', 'PED-1114', 30, 1, 1, 14, 36669.44, 0, 1, NULL),
('2025-02-09', 'PED-1115', 20, 1, 1, 19, 49765.67, 10, 2, NULL),
('2025-04-30', 'PED-1116', 24, 1, 3, 24, 61688.10, 0, 2, NULL),
('2025-02-10', 'PED-1117', 8, 1, 3, 16, 41125.40, 10, 3, NULL),
('2025-06-14', 'PED-1118', 34, 1, 1, 21, 55004.16, 10, 2, NULL),
('2025-03-18', 'PED-1119', 48, 1, 1, 2, 5238.49, 6, 2, NULL),
('2025-04-21', 'PED-1120', 30, 1, 3, 8, 20562.70, 6, 2, NULL),
('2025-05-30', 'PED-1121', 16, 1, 1, 1, 2619.25, 6, 3, NULL),
('2025-06-04', 'PED-1122', 40, 1, 1, 23, 60242.65, 6, 3, NULL),
('2025-01-29', 'PED-1123', 6, 1, 3, 15, 38555.06, 0, 2, NULL),
('2025-01-24', 'PED-1124', 11, 1, 1, 12, 31430.95, 0, 3, NULL),
('2025-01-10', 'PED-1125', 20, 1, 1, 9, 23573.21, 10, 3, NULL),
('2025-02-28', 'PED-1126', 35, 1, 2, 13, 31938.99, 6, 3, NULL),
('2025-02-15', 'PED-1127', 19, 1, 1, 30, 78577.37, 10, 1, NULL),
('2025-02-07', 'PED-1128', 12, 1, 1, 24, 62861.89, 0, 3, NULL),
('2025-01-06', 'PED-1129', 31, 1, 3, 28, 71969.45, 6, 1, NULL),
('2025-06-12', 'PED-1130', 39, 1, 1, 4, 10476.98, 6, 2, NULL),
('2025-02-11', 'PED-1131', 14, 1, 1, 22, 57623.40, 0, 3, NULL),
('2025-02-13', 'PED-1132', 38, 1, 1, 20, 52384.91, 0, 2, NULL),
('2025-01-16', 'PED-1133', 36, 1, 2, 4, 9827.38, 6, 1, NULL),
('2025-02-15', 'PED-1134', 10, 1, 1, 26, 68100.38, 10, 2, NULL),
('2025-04-30', 'PED-1135', 20, 1, 1, 15, 39288.68, 6, 1, NULL),
('2025-06-10', 'PED-1136', 35, 1, 3, 18, 46266.08, 10, 3, NULL),
('2025-02-03', 'PED-1137', 21, 1, 2, 7, 17197.92, 6, 1, NULL),
('2025-02-24', 'PED-1138', 21, 1, 3, 11, 28273.71, 0, 2, NULL),
('2025-03-15', 'PED-1139', 30, 1, 2, 1, 2456.85, 0, 2, NULL),
('2025-03-02', 'PED-1140', 8, 1, 3, 18, 46266.08, 0, 2, NULL),
('2025-06-29', 'PED-1141', 42, 1, 3, 3, 7711.01, 0, 1, NULL),
('2025-02-27', 'PED-1142', 15, 1, 2, 28, 68791.68, 6, 2, NULL),
('2025-04-14', 'PED-1143', 12, 1, 3, 23, 59117.77, 10, 3, NULL),
('2025-02-06', 'PED-1144', 18, 1, 1, 28, 73338.88, 10, 3, NULL),
('2025-02-06', 'PED-1145', 25, 1, 1, 29, 75958.12, 6, 3, NULL),
('2025-02-03', 'PED-1146', 2, 1, 1, 5, 13096.23, 10, 1, NULL),
('2025-06-26', 'PED-1147', 44, 1, 1, 16, 41907.93, 0, 2, NULL),
('2025-01-31', 'PED-1148', 28, 1, 2, 2, 4913.69, 10, 1, NULL),
('2025-01-29', 'PED-1149', 38, 1, 1, 16, 41907.93, 6, 2, NULL),
('2025-06-17', 'PED-1150', 23, 1, 1, 30, 78577.37, 10, 1, NULL),
('2025-03-31', 'PED-1151', 21, 1, 1, 13, 34050.19, 0, 2, NULL),
('2025-06-10', 'PED-1152', 11, 1, 3, 9, 23133.04, 10, 3, NULL),
('2025-05-29', 'PED-1153', 12, 1, 3, 25, 64258.44, 10, 1, NULL),
('2025-01-09', 'PED-1154', 35, 1, 3, 14, 35984.73, 0, 2, NULL),
('2025-06-21', 'PED-1155', 15, 1, 1, 6, 15715.47, 0, 2, NULL),
('2025-05-11', 'PED-1156', 31, 1, 3, 27, 69399.12, 6, 2, NULL),
('2025-02-03', 'PED-1157', 38, 1, 1, 6, 15715.47, 0, 1, NULL),
('2025-03-10', 'PED-1158', 28, 1, 3, 13, 33414.39, 10, 1, NULL),
('2025-02-04', 'PED-1159', 37, 1, 1, 28, 73338.88, 0, 2, NULL),
('2025-03-18', 'PED-1160', 32, 1, 3, 15, 38555.06, 10, 1, NULL),
('2025-01-06', 'PED-1161', 14, 1, 3, 30, 77110.13, 6, 3, NULL),
('2025-04-08', 'PED-1162', 3, 1, 1, 11, 28811.70, 6, 1, NULL),
('2025-01-23', 'PED-1163', 41, 1, 2, 18, 44223.22, 6, 3, NULL),
('2025-03-14', 'PED-1164', 48, 1, 3, 22, 56547.43, 0, 1, NULL),
('2025-04-15', 'PED-1165', 39, 1, 2, 7, 17197.92, 6, 1, NULL),
('2025-02-03', 'PED-1166', 21, 1, 2, 26, 63877.99, 0, 2, NULL),
('2025-02-24', 'PED-1167', 4, 1, 3, 22, 56547.43, 6, 1, NULL),
('2025-03-19', 'PED-1168', 32, 1, 1, 15, 39288.68, 6, 2, NULL),
('2025-02-12', 'PED-1169', 41, 1, 2, 7, 17197.92, 0, 2, NULL),
('2025-06-04', 'PED-1170', 29, 1, 3, 26, 66828.78, 0, 2, NULL),
('2025-06-02', 'PED-1171', 6, 1, 3, 28, 71969.45, 10, 2, NULL),
('2025-01-04', 'PED-1172', 32, 1, 1, 20, 52384.91, 6, 3, NULL),
('2025-01-10', 'PED-1173', 25, 1, 1, 30, 78577.37, 10, 1, NULL),
('2025-03-30', 'PED-1174', 40, 1, 2, 2, 4913.69, 10, 2, NULL),
('2025-06-18', 'PED-1175', 29, 1, 2, 7, 17197.92, 0, 1, NULL),
('2025-02-20', 'PED-1176', 13, 1, 3, 16, 41125.40, 6, 2, NULL),
('2025-06-12', 'PED-1177', 36, 1, 3, 27, 69399.12, 10, 1, NULL),
('2025-04-15', 'PED-1178', 26, 1, 2, 28, 68791.68, 6, 2, NULL),
('2025-04-02', 'PED-1179', 21, 1, 1, 1, 2619.25, 6, 2, NULL),
('2025-05-30', 'PED-1180', 21, 1, 3, 18, 46266.08, 0, 1, NULL),
('2025-01-20', 'PED-1181', 17, 1, 1, 23, 60242.65, 6, 2, NULL),
('2025-06-28', 'PED-1182', 19, 1, 3, 4, 10281.35, 10, 2, NULL),
('2025-06-10', 'PED-1183', 45, 1, 1, 7, 18334.72, 10, 2, NULL),
('2025-03-20', 'PED-1184', 41, 1, 3, 10, 25703.38, 10, 2, NULL),
('2025-04-01', 'PED-1185', 14, 1, 2, 4, 9827.38, 10, 2, NULL),
('2025-06-20', 'PED-1186', 46, 1, 2, 28, 68791.68, 10, 3, NULL),
('2025-05-03', 'PED-1187', 41, 1, 2, 10, 24568.46, 0, 1, NULL),
('2025-03-29', 'PED-1188', 23, 1, 1, 16, 41907.93, 10, 2, NULL),
('2025-03-20', 'PED-1189', 24, 1, 3, 2, 5140.68, 0, 3, NULL),
('2025-04-03', 'PED-1190', 37, 1, 3, 3, 7711.01, 6, 1, NULL),
('2025-05-26', 'PED-1191', 46, 1, 2, 20, 49136.91, 10, 2, NULL),
('2025-02-25', 'PED-1192', 7, 1, 3, 25, 64258.44, 0, 2, NULL),
('2025-03-27', 'PED-1193', 33, 1, 3, 24, 61688.10, 10, 1, NULL),
('2025-03-18', 'PED-1194', 21, 1, 3, 28, 71969.45, 6, 2, NULL),
('2025-02-20', 'PED-1195', 37, 1, 3, 7, 17992.36, 10, 1, NULL),
('2025-06-04', 'PED-1196', 4, 1, 1, 13, 34050.19, 10, 3, NULL),
('2025-06-13', 'PED-1197', 16, 1, 3, 16, 41125.40, 6, 2, NULL),
('2025-05-14', 'PED-1198', 26, 1, 3, 15, 38555.06, 0, 1, NULL),
('2025-01-21', 'PED-1199', 2, 1, 2, 1, 2456.85, 0, 2, NULL),
('2025-05-18', 'PED-1200', 42, 1, 1, 1, 2619.25, 0, 2, NULL),
('2025-04-28', 'PED-1201', 9, 1, 1, 29, 75958.12, 6, 1, NULL),
('2025-02-05', 'PED-1202', 48, 1, 1, 20, 52384.91, 0, 1, NULL),
('2025-01-03', 'PED-1203', 12, 1, 1, 20, 52384.91, 0, 2, NULL),
('2025-01-17', 'PED-1204', 22, 1, 2, 18, 44223.22, 6, 3, NULL),
('2025-04-17', 'PED-1205', 37, 1, 3, 23, 59117.77, 6, 1, NULL),
('2025-04-07', 'PED-1206', 48, 1, 2, 24, 58964.30, 0, 2, NULL),
('2025-01-13', 'PED-1207', 28, 1, 3, 22, 56547.43, 6, 1, NULL),
('2025-03-05', 'PED-1208', 10, 1, 1, 6, 15715.47, 6, 2, NULL),
('2025-05-07', 'PED-1209', 18, 1, 3, 21, 53977.09, 10, 2, NULL),
('2025-04-03', 'PED-1210', 19, 1, 3, 26, 66828.78, 0, 2, NULL),
('2025-05-11', 'PED-1211', 17, 1, 2, 20, 49136.91, 0, 1, NULL),
('2025-05-31', 'PED-1212', 27, 1, 1, 11, 28811.70, 6, 3, NULL),
('2025-05-02', 'PED-1213', 16, 1, 3, 25, 64258.44, 6, 1, NULL),
('2025-05-30', 'PED-1214', 7, 1, 2, 25, 61421.14, 10, 2, NULL),
('2025-01-19', 'PED-1215', 4, 1, 3, 15, 38555.06, 0, 2, NULL),
('2025-03-03', 'PED-1216', 27, 1, 2, 8, 19654.77, 0, 1, NULL),
('2025-06-22', 'PED-1217', 3, 1, 1, 9, 23573.21, 10, 1, NULL),
('2025-03-09', 'PED-1218', 21, 1, 2, 20, 49136.91, 10, 1, NULL),
('2025-04-03', 'PED-1219', 16, 1, 1, 8, 20953.96, 0, 2, NULL),
('2025-03-04', 'PED-1220', 13, 1, 1, 16, 41907.93, 6, 1, NULL),
('2025-01-14', 'PED-1221', 39, 1, 1, 5, 13096.23, 10, 1, NULL),
('2025-05-12', 'PED-1222', 3, 1, 2, 1, 2456.85, 6, 1, NULL),
('2025-01-22', 'PED-1223', 5, 1, 3, 3, 7711.01, 0, 3, NULL),
('2025-05-07', 'PED-1224', 47, 1, 3, 10, 25703.38, 6, 2, NULL),
('2025-03-02', 'PED-1225', 27, 1, 2, 21, 51593.76, 0, 2, NULL),
('2025-01-05', 'PED-1226', 45, 1, 2, 22, 54050.61, 6, 1, NULL),
('2025-05-21', 'PED-1227', 26, 1, 1, 19, 49765.67, 6, 2, NULL),
('2025-05-08', 'PED-1228', 43, 1, 1, 25, 65481.14, 10, 3, NULL),
('2025-05-11', 'PED-1229', 39, 1, 2, 24, 58964.30, 6, 1, NULL),
('2025-02-10', 'PED-1230', 35, 1, 2, 16, 39309.53, 0, 2, NULL),
('2025-04-23', 'PED-1231', 21, 1, 2, 18, 44223.22, 10, 1, NULL),
('2025-01-08', 'PED-1232', 46, 1, 1, 21, 55004.16, 10, 3, NULL),
('2025-06-15', 'PED-1233', 7, 1, 2, 23, 56507.45, 0, 1, NULL),
('2025-05-24', 'PED-1234', 41, 1, 1, 3, 7857.74, 6, 3, NULL),
('2025-01-13', 'PED-1235', 4, 1, 3, 9, 23133.04, 6, 1, NULL),
('2025-02-14', 'PED-1236', 47, 1, 3, 11, 28273.71, 0, 1, NULL),
('2025-02-16', 'PED-1237', 35, 1, 2, 29, 71248.52, 10, 3, NULL),
('2025-04-23', 'PED-1238', 33, 1, 2, 19, 46680.07, 0, 3, NULL),
('2025-06-27', 'PED-1239', 24, 1, 1, 1, 2619.25, 10, 2, NULL),
('2025-03-04', 'PED-1240', 36, 1, 3, 28, 71969.45, 10, 1, NULL),
('2025-02-04', 'PED-1241', 20, 1, 1, 21, 55004.16, 0, 1, NULL),
('2025-01-20', 'PED-1242', 48, 1, 2, 5, 12284.23, 6, 3, NULL),
('2025-05-03', 'PED-1243', 41, 1, 1, 28, 73338.88, 6, 1, NULL),
('2025-04-02', 'PED-1244', 23, 1, 2, 1, 2456.85, 10, 1, NULL),
('2025-03-29', 'PED-1245', 27, 1, 1, 5, 13096.23, 10, 2, NULL),
('2025-03-10', 'PED-1246', 31, 1, 3, 3, 7711.01, 10, 1, NULL),
('2025-06-04', 'PED-1247', 34, 1, 1, 27, 70719.63, 0, 3, NULL),
('2025-03-08', 'PED-1248', 32, 1, 2, 6, 14741.07, 10, 1, NULL),
('2025-06-13', 'PED-1249', 13, 1, 3, 10, 25703.38, 10, 3, NULL),
('2025-06-30', 'PED-1250', 25, 1, 1, 4, 10476.98, 0, 2, NULL),
('2025-04-13', 'PED-1251', 44, 1, 3, 22, 56547.43, 0, 1, NULL),
('2025-04-25', 'PED-1252', 32, 1, 3, 8, 20562.70, 6, 2, NULL),
('2025-06-20', 'PED-1253', 46, 1, 2, 18, 44223.22, 6, 3, NULL),
('2025-05-15', 'PED-1254', 29, 1, 2, 2, 4913.69, 0, 1, NULL),
('2025-05-22', 'PED-1255', 34, 1, 3, 20, 51406.75, 6, 3, NULL),
('2025-05-26', 'PED-1256', 26, 1, 1, 28, 73338.88, 6, 3, NULL),
('2025-02-01', 'PED-1257', 3, 1, 3, 9, 23133.04, 10, 2, NULL),
('2025-03-29', 'PED-1258', 41, 1, 2, 24, 58964.30, 0, 3, NULL),
('2025-01-04', 'PED-1259', 33, 1, 3, 7, 17992.36, 6, 3, NULL),
('2025-01-12', 'PED-1260', 15, 1, 3, 6, 15422.03, 10, 2, NULL),
('2025-06-13', 'PED-1261', 20, 1, 3, 3, 7711.01, 0, 2, NULL),
('2025-05-03', 'PED-1262', 27, 1, 2, 25, 61421.14, 10, 1, NULL),
('2025-04-01', 'PED-1263', 23, 1, 1, 16, 41907.93, 10, 1, NULL),
('2025-01-04', 'PED-1264', 47, 1, 2, 28, 68791.68, 10, 1, NULL),
('2025-03-31', 'PED-1265', 38, 1, 3, 24, 61688.10, 10, 1, NULL),
('2025-05-27', 'PED-1266', 5, 1, 2, 30, 73705.37, 0, 1, NULL),
('2025-06-13', 'PED-1267', 37, 1, 1, 18, 47146.42, 0, 1, NULL),
('2025-04-08', 'PED-1268', 42, 1, 2, 4, 9827.38, 10, 1, NULL),
('2025-02-22', 'PED-1269', 5, 1, 2, 16, 39309.53, 0, 3, NULL),
('2025-03-15', 'PED-1270', 20, 1, 1, 29, 75958.12, 0, 1, NULL),
('2025-03-01', 'PED-1271', 3, 1, 1, 24, 62861.89, 0, 1, NULL),
('2025-01-29', 'PED-1272', 5, 1, 3, 9, 23133.04, 6, 1, NULL),
('2025-01-07', 'PED-1273', 18, 1, 2, 2, 4913.69, 10, 2, NULL),
('2025-06-27', 'PED-1274', 12, 1, 3, 7, 17992.36, 0, 1, NULL),
('2025-02-24', 'PED-1275', 47, 1, 3, 10, 25703.38, 6, 3, NULL),
('2025-06-11', 'PED-1276', 5, 1, 1, 7, 18334.72, 0, 2, NULL),
('2025-05-08', 'PED-1277', 14, 1, 2, 17, 41766.38, 0, 3, NULL),
('2025-03-31', 'PED-1278', 23, 1, 1, 1, 2619.25, 6, 3, NULL),
('2025-02-15', 'PED-1279', 15, 1, 2, 11, 27025.30, 10, 2, NULL),
('2025-02-02', 'PED-1280', 18, 1, 1, 25, 65481.14, 0, 2, NULL),
('2025-06-11', 'PED-1281', 43, 1, 1, 19, 49765.67, 6, 2, NULL),
('2025-02-17', 'PED-1282', 43, 1, 3, 29, 74539.79, 0, 1, NULL),
('2025-04-26', 'PED-1283', 12, 1, 1, 15, 39288.68, 0, 1, NULL),
('2025-03-23', 'PED-1284', 48, 1, 1, 17, 44527.17, 10, 1, NULL),
('2025-02-20', 'PED-1285', 39, 1, 1, 17, 44527.17, 6, 2, NULL),
('2025-01-02', 'PED-1286', 22, 1, 1, 13, 34050.19, 0, 3, NULL),
('2025-05-15', 'PED-1287', 22, 1, 1, 8, 20953.96, 6, 3, NULL),
('2025-02-09', 'PED-1288', 11, 1, 3, 14, 35984.73, 0, 3, NULL),
('2025-06-30', 'PED-1289', 35, 1, 1, 6, 15715.47, 0, 1, NULL),
('2025-01-01', 'PED-1290', 39, 1, 3, 5, 12851.69, 0, 2, NULL),
('2025-06-26', 'PED-1291', 28, 1, 2, 27, 66334.83, 0, 2, NULL),
('2025-02-20', 'PED-1292', 27, 1, 2, 21, 51593.76, 6, 3, NULL),
('2025-01-24', 'PED-1293', 20, 1, 2, 12, 29482.15, 0, 1, NULL),
('2025-05-27', 'PED-1294', 41, 1, 1, 3, 7857.74, 10, 3, NULL),
('2025-03-22', 'PED-1295', 37, 1, 2, 12, 29482.15, 0, 2, NULL),
('2025-03-29', 'PED-1296', 27, 1, 1, 14, 36669.44, 0, 3, NULL),
('2025-03-13', 'PED-1297', 14, 1, 3, 2, 5140.68, 6, 1, NULL),
('2025-05-11', 'PED-1298', 47, 1, 2, 2, 4913.69, 10, 3, NULL),
('2025-03-17', 'PED-1299', 33, 1, 2, 1, 2456.85, 6, 1, NULL),
('2025-03-09', 'PED-1300', 12, 1, 2, 7, 17197.92, 0, 2, NULL);